Vardenis,Pavardenis,37060210013,var.pav@gmail.com
Vardutis,Pavardutis,37064578456,vardutis.pavardutis@gmail.com
Jonas,Jonaitis,37064893121,jonas.jonaitis@gmail.com
Jonas,Petraitis,37061234853,jonas.petr@gmail.com
Petras,Petrauskas,37061774813,petras.petrauskas@gmail.com
Rasa,Jonaitiene,37061264853,rasa.jonaitiene@gmail.com
Lina,Liniene,37067234853,lina.liniene@gmail.com
Ugnius,Ugnys,37060234853,ugnius.ugnys@gmail.com
Ona,Onauskaite,37065855243,ona.onaus@gmail.com
Ignas,Linksmutis,37061897853,ignas.linksmutis@gmail.com
